{"cameraMode":{"drawMode":0,"name":"Shaded","section":"Shading Mode"},"sceneLighting":true,"audioPlay":false,"sceneViewState":{"m_AlwaysRefresh":false,"showFog":true,"showSkybox":true,"showFlares":true,"showImageEffects":true,"showParticleSystems":true,"showVisualEffectGraphs":true,"m_FxEnabled":false},"in2DMode":false,"pivot":{"x":67.32699584960938,"y":10.784260749816895,"z":68.60490417480469},"rotation":{"x":-0.07372286170721054,"y":-0.8091037273406982,"z":0.10397841036319733,"w":-0.5736832618713379},"size":0.018786413595080377,"orthographic":false}