{"cameraMode":{"drawMode":0,"name":"Shaded","section":"Shading Mode"},"sceneLighting":true,"audioPlay":false,"sceneViewState":{"m_AlwaysRefresh":false,"showFog":true,"showSkybox":true,"showFlares":true,"showImageEffects":true,"showParticleSystems":true,"showVisualEffectGraphs":true,"m_FxEnabled":false},"in2DMode":false,"pivot":{"x":34.64235305786133,"y":13.073559761047364,"z":66.99127197265625},"rotation":{"x":-0.015812238678336145,"y":0.9674418568611145,"z":-0.0624958761036396,"w":-0.24475961923599244},"size":2.3617842197418215,"orthographic":false}