{"cameraMode":{"drawMode":0,"name":"Shaded","section":"Shading Mode"},"sceneLighting":true,"audioPlay":false,"sceneViewState":{"m_AlwaysRefresh":false,"showFog":true,"showSkybox":true,"showFlares":true,"showImageEffects":true,"showParticleSystems":true,"showVisualEffectGraphs":true,"m_FxEnabled":true},"in2DMode":false,"pivot":{"x":-22.425092697143556,"y":8.951862335205079,"z":73.1506576538086},"rotation":{"x":-0.0008698006276972592,"y":-0.6807916760444641,"z":-0.0008130232454277575,"w":0.7325078248977661},"size":15.3583402633667,"orthographic":false}