{"cameraMode":{"drawMode":0,"name":"Shaded","section":"Shading Mode"},"sceneLighting":false,"audioPlay":false,"sceneViewState":{"m_AlwaysRefresh":false,"showFog":false,"showSkybox":false,"showFlares":false,"showImageEffects":false,"showParticleSystems":false,"showVisualEffectGraphs":true,"m_FxEnabled":true},"in2DMode":false,"pivot":{"x":-0.0001221299171447754,"y":0.9356180429458618,"z":-0.06942737102508545},"rotation":{"x":-0.07041402161121369,"y":0.8679108619689941,"z":-0.12878793478012086,"w":-0.4745759069919586},"size":1.4549535512924195,"orthographic":false}