{"cameraMode":{"drawMode":0,"name":"Shaded","section":"Shading Mode"},"sceneLighting":false,"audioPlay":false,"sceneViewState":{"m_AlwaysRefresh":false,"showFog":true,"showSkybox":false,"showFlares":true,"showImageEffects":true,"showParticleSystems":true,"showVisualEffectGraphs":true,"m_FxEnabled":false},"in2DMode":false,"pivot":{"x":47.27033996582031,"y":10.390853881835938,"z":82.67632293701172},"rotation":{"x":-0.0027774586342275144,"y":0.9949558973312378,"z":-0.09612064808607102,"w":-0.028689997270703317},"size":0.43301546573638918,"orthographic":false}