{"cameraMode":{"drawMode":0,"name":"Shaded","section":"Shading Mode"},"sceneLighting":false,"audioPlay":false,"sceneViewState":{"m_AlwaysRefresh":false,"showFog":true,"showSkybox":false,"showFlares":true,"showImageEffects":true,"showParticleSystems":true,"showVisualEffectGraphs":true,"m_FxEnabled":true},"in2DMode":false,"pivot":{"x":-3.1993868350982668,"y":-3.9585390090942385,"z":-0.7324098944664002},"rotation":{"x":0.19824577867984773,"y":-0.49805906414985659,"z":0.11802469193935394,"w":0.8359168767929077},"size":38.849483489990237,"orthographic":false}