{"cameraMode":{"drawMode":0,"name":"Shaded","section":"Shading Mode"},"sceneLighting":false,"audioPlay":false,"sceneViewState":{"m_AlwaysRefresh":false,"showFog":true,"showSkybox":false,"showFlares":true,"showImageEffects":true,"showParticleSystems":true,"showVisualEffectGraphs":true,"m_FxEnabled":false},"in2DMode":false,"pivot":{"x":48.838584899902347,"y":10.720000267028809,"z":83.75382995605469},"rotation":{"x":-0.18651093542575837,"y":0.43934062123298647,"z":-0.09378797560930252,"w":-0.8737342357635498},"size":0.43301546573638918,"orthographic":true}