{"cameraMode":{"drawMode":0,"name":"Shaded","section":"Shading Mode"},"sceneLighting":false,"audioPlay":false,"sceneViewState":{"m_AlwaysRefresh":false,"showFog":true,"showSkybox":false,"showFlares":true,"showImageEffects":true,"showParticleSystems":true,"showVisualEffectGraphs":true,"m_FxEnabled":false},"in2DMode":false,"pivot":{"x":-0.036797553300857547,"y":6.001229763031006,"z":3.442283868789673},"rotation":{"x":-0.045870549976825717,"y":-0.8946826457977295,"z":0.43417996168136599,"w":-0.09452872723340988},"size":2.5527968406677248,"orthographic":false}