{"cameraMode":{"drawMode":0,"name":"Shaded","section":"Shading Mode"},"sceneLighting":false,"audioPlay":false,"sceneViewState":{"m_AlwaysRefresh":false,"showFog":true,"showSkybox":false,"showFlares":true,"showImageEffects":true,"showParticleSystems":true,"showVisualEffectGraphs":true,"m_FxEnabled":false},"in2DMode":false,"pivot":{"x":9.514825820922852,"y":7.380665302276611,"z":-0.07943648844957352},"rotation":{"x":0.015042147599160672,"y":-0.9586142897605896,"z":0.279611736536026,"w":0.051560837775468829},"size":5.8473029136657719,"orthographic":false}