{"cameraMode":{"drawMode":0,"name":"Shaded","section":"Shading Mode"},"sceneLighting":false,"audioPlay":false,"sceneViewState":{"m_AlwaysRefresh":false,"showFog":true,"showSkybox":false,"showFlares":true,"showImageEffects":true,"showParticleSystems":true,"showVisualEffectGraphs":true,"m_FxEnabled":false},"in2DMode":false,"pivot":{"x":48.838584899902347,"y":10.296000480651856,"z":83.74333190917969},"rotation":{"x":-0.03761274367570877,"y":0.9416640996932983,"z":-0.31499576568603518,"w":-0.11242407560348511},"size":0.5305421948432922,"orthographic":false}