{"cameraMode":{"drawMode":0,"name":"Shaded","section":"Shading Mode"},"sceneLighting":false,"audioPlay":false,"sceneViewState":{"m_AlwaysRefresh":false,"showFog":true,"showSkybox":false,"showFlares":true,"showImageEffects":true,"showParticleSystems":true,"showVisualEffectGraphs":true,"m_FxEnabled":false},"in2DMode":false,"pivot":{"x":0.01360619068145752,"y":2.1571907997131349,"z":0.06637954711914063},"rotation":{"x":-0.15400029718875886,"y":-0.7311864495277405,"z":0.1756899207830429,"w":-0.6409230828285217},"size":4.304218769073486,"orthographic":false}