{"cameraMode":{"drawMode":0,"name":"Shaded","section":"Shading Mode"},"sceneLighting":false,"audioPlay":false,"sceneViewState":{"m_AlwaysRefresh":false,"showFog":true,"showSkybox":false,"showFlares":true,"showImageEffects":true,"showParticleSystems":true,"showVisualEffectGraphs":true,"m_FxEnabled":false},"in2DMode":false,"pivot":{"x":0.01874762773513794,"y":2.489802360534668,"z":0.6558549404144287},"rotation":{"x":0.021541360765695573,"y":-0.9784600138664246,"z":0.1451878845691681,"w":0.14517006278038026},"size":1.1286275386810303,"orthographic":false}